Date,Job_title,Job_type,Salary,Hours,Link,ID,Skills,Responsibilities,Qualifications
"Apr 20, 2026","['Data Analyst', 'Analyst']",Any,,40,https://www.onlinejobs.ph/jobseekers/job/Full-Time-Data-Analyst-Role-1627671,1,"['Google Sheet', 'Metrics']","['report', 'build', 'metrics']",['experience']
"Apr 19, 2026","['Real Estate', 'Real Estate', 'Research']",Full Time,5.0,40,https://www.onlinejobs.ph/jobseekers/job/Real-Estate-Data-Research-VA-1614658,2,"['Excel', 'Cleaning', 'Reporting', 'Google Sheet', 'Management']","['report', 'clean', 'organize', 'accuracy', 'datasets', 'load']",['experience']
"Apr 19, 2026","['Data Analyst', 'Analyst', 'BI']",Any,5.62,TBD,https://www.onlinejobs.ph/jobseekers/job/Loan-Data-Analyst-BIZCORE-EXPERIENCE-REQUIRED-1627010,3,"['Excel', ' BI', 'Communication', 'Management']",['clean'],['experience']
"Apr 17, 2026","['Data Analyst', 'Senior', 'Analyst']",Full Time,7.81,40,https://www.onlinejobs.ph/jobseekers/job/Senior-Data-Analyst-1626456,4,"['SQL', 'Python', 'Communication', 'Git']",['analysis'],"['experience', 'portfolio', 'senior']"
"Apr 17, 2026","['Data Analyst', 'Analyst', 'Performance']",Part Time,9.75,35,https://www.onlinejobs.ph/jobseekers/job/Ads-Data-Analyst-Campaign-Performance-1626437,5,"['Excel', 'Reporting', 'Dashboard', 'Google Sheet', 'Communication', 'Metrics', 'Git', 'spreadsheet']","['report', 'dashboards', 'trends', 'insights', 'monitor', 'track', 'metrics', 'trends']",['experience']
"Apr 17, 2026","['STR', 'Data Analyst', 'Analyst']",Full Time,4.66,40,https://www.onlinejobs.ph/jobseekers/job/Remote-Environmental-Laboratory-Data-Analyst-Industrial-Hygiene-Focus-1626323,6,"[' BI', ' AI', 'Reporting', 'Communication', 'KPI']","['analyze', 'report', 'findings', 'track', 'KPI', 'interpret', 'accuracy', 'analysis', 'communicate', 'load', 'document']","['education', 'experience', 'project']"
"Apr 17, 2026","['Data Analyst', 'Analyst']",Any,4.69,38,https://www.onlinejobs.ph/jobseekers/job/Loan-Data-Analyst-Credit-Decisioning-Focus-1625896,7,[],"['present', 'build', 'interpret', 'analysis']",['experience']
"Apr 16, 2026","['Data Analyst', 'Analyst']",Part Time,,10,https://www.onlinejobs.ph/jobseekers/job/Data-analyst-ExcelGoogle-Sheet-Pro-1625737,8,"['Excel', 'Tableau', 'Power BI', ' BI', 'Visual', 'Communication', 'Management', 'spreadsheet']","['report', 'trends', 'decision-making', 'organize', 'track', 'build', 'visual', 'document', 'trends']","['engineering', 'experience', 'project']"
"Apr 16, 2026","['Data Analyst', 'Analyst']",Full Time,4.66,40,https://www.onlinejobs.ph/jobseekers/job/Data-Analyst-1609377,9,"['SQL', 'Python', 'Excel', 'Power BI', ' BI', 'Visual', 'Data Modeling', 'Reporting', 'Dashboard', 'Communication', 'Stakeholder', 'Management', 'Governance', 'Warehouse', 'Storytelling']","['report', 'dashboards', 'insights', 'collaborate', 'present', 'automate', 'accuracy', 'visual', 'stakeholders', 'transform', 'query', 'document']","['experience', 'excellent communication skills']"
"Apr 15, 2026",['book'],Full Time,5.0,38,https://www.onlinejobs.ph/jobseekers/job/Bookkeeper-1612064,10,"['Visual', 'Reporting', 'Dashboard', 'Management', 'KPI', 'Strategy', 'spreadsheet']","['report', 'dashboards', 'trends', 'insights', 'monitor', 'track', 'KPI', 'build', 'visual', 'trends']","['experience', 'entry']"
"Apr 15, 2026","['Design', 'graphic', 'email']",Full Time,4.69,40,https://www.onlinejobs.ph/jobseekers/job/Email-Graphic-Designer-1553420,11,"['Excel', 'Visual', 'Communication']","['trends', 'collaborate', 'track', 'build', 'visual', 'trends']","['experience', 'portfolio']"
"Apr 15, 2026","['Power BI', 'API', 'Data Analyst', 'Analyst', 'BI', 'Power BI']",Any,7.88,20,https://www.onlinejobs.ph/jobseekers/job/Data-Analyst-Power-BI-SQL-APIs-AI-1624449,12,"['SQL', 'Power BI', ' BI', 'Visual', ' AI', 'Reporting', 'Dashboard', 'Communication', 'Management']","['report', 'dashboards', 'collaborate', 'build', 'visual']","['experience', 'project']"
"Apr 15, 2026","['Data Analyst', 'Analyst']",Full Time,5.0,40,https://www.onlinejobs.ph/jobseekers/job/PRODUCT-DATA-ANALYST-Remote-Flexible-PH-based-VA-800month-1624401,13,"['SQL', 'Python', ' BI', ' AI', 'A/B', 'Google Analytics', 'Critical Thinking', 'Communication', 'KPI', 'Metrics', 'Pipeline', 'Strategy']","['analyze', 'trends', 'insights', 'decision-making', 'monitor', 'track', 'KPI', 'build', 'analysis', 'metrics', 'query', 'trends']",['experience']
"Apr 13, 2026","['Data Analyst', 'Analyst']",Full Time,,40,https://www.onlinejobs.ph/jobseekers/job/Data-Analyst-SQL-Heavy-Systems-Focused-1605959,14,"['SQL', 'Excel', 'Tableau', 'Power BI', ' BI', 'Cleaning', 'ETL', 'Data Modeling', 'Reporting', 'Dashboard', 'Google Sheet', 'Looker', 'Metrics', 'Warehouse']","['analyze', 'report', 'dashboards', 'decision-making', 'collaborate', 'clean', 'track', 'build', 'accuracy', 'datasets', 'analysis', 'metrics', 'validation']",['experience']
"Apr 13, 2026","['Data Analyst', 'Analyst']",Full Time,5.0,40,https://www.onlinejobs.ph/jobseekers/job/PRODUCT-DATA-ANALYST-Remote-Flexible-800month-1615431,15,"['SQL', 'Python', ' BI', ' AI', 'A/B', 'Google Analytics', 'Critical Thinking', 'Communication', 'KPI', 'Metrics', 'Pipeline', 'Strategy']","['analyze', 'trends', 'insights', 'decision-making', 'monitor', 'track', 'KPI', 'build', 'analysis', 'metrics', 'query', 'trends']",['experience']
"Apr 10, 2026","['Accounting', 'Auditing', 'Analyst', 'Entry']",Full Time,3.13,40,https://www.onlinejobs.ph/jobseekers/job/Data-Entry-Analyst-With-Accounting-or-Auditing-Skills-1621239,16,"['Excel', 'Google Sheet', 'Communication', 'Stakeholder', 'Management']","['analyze', 'trends', 'insights', 'decision-making', 'track', 'interpret', 'accuracy', 'analysis', 'solve', 'communicate', 'stakeholders', 'document', 'trends']","['education', 'computer science', 'information technology', 'data science', 'experience', 'entry']"
"Apr 10, 2026","['Data Analyst', 'Analyst', 'Ecommerce', 'Reporting', 'Specialist']",Full Time,6.03,40,https://www.onlinejobs.ph/jobseekers/job/Data-Analyst-Reporting-Specialist-Ecommerce-Agency-1621077,17,"['SQL', 'Python', 'Excel', 'Tableau', 'Power BI', ' BI', ' AI', 'Cleaning', 'Intelligence', 'Reporting', 'Dashboard', 'Google Sheet', 'Google Analytics', 'Looker', 'Communication', 'Stakeholder', 'Management', 'KPI', 'Metrics', 'Git', 'Strategy', 'spreadsheet']","['report', 'dashboards', 'trends', 'insights', 'decision-making', 'clean', 'track', 'KPI', 'build', 'accuracy', 'analysis', 'metrics', 'stakeholders', 'query', 'document', 'forecast', 'trends']","['experience', 'project']"
"Apr 9, 2026","['Data Analyst', 'Analyst']",Any,4.69,38,https://www.onlinejobs.ph/jobseekers/job/Loan-Data-Analyst-1620118,18,"['Excel', 'Communication']",['clean'],['experience']
"Apr 8, 2026","['E-commerce', 'Data Analyst', 'Analyst', 'Research']",Full Time,10.0,24,https://www.onlinejobs.ph/jobseekers/job/E-commerce-Data-Analyst-Product-Researcher-1619789,19,['Reporting'],"['report', 'build', 'analysis']","['experience', 'project', 'internet connection']"
"Apr 8, 2026","['Amazon', 'Marketing', 'Data Analyst', 'Data Scientist', 'Analyst', 'Market']",Part Time,,20,https://www.onlinejobs.ph/jobseekers/job/Data-Analyst-Data-Scientist-SQL-Marketing-Analytics-Amazon-Focus-1619455,20,"['SQL', 'Python', 'Intelligence', 'Reporting', 'Dashboard', 'Communication', 'Pandas', 'Strategy']","['analyze', 'report', 'dashboards', 'insights', 'decision-making', 'collaborate', 'build', 'datasets', 'analysis', 'solve', 'query']","['economics', 'experience']"
"Apr 6, 2026","['Design', 'graphic', 'email']",Full Time,4.69,40,https://www.onlinejobs.ph/jobseekers/job/Email-Graphic-Designer-URGENTLY-HIRING-1553423,21,"['Excel', 'Visual', 'Communication']","['trends', 'collaborate', 'track', 'build', 'visual', 'trends']","['experience', 'portfolio']"
"Apr 6, 2026","['Finance', 'Data Analyst', 'Analyst', 'Financial']",Full Time,,TBD,https://www.onlinejobs.ph/jobseekers/job/Financial-Data-Analyst-SQL-Focus-Finance-Analytics-Support-1617464,22,"['SQL', 'Excel', 'Tableau', 'Visual', 'Reporting', 'Dashboard', 'Snowflake', 'Communication', 'Stakeholder', 'Management', 'Warehouse']","['report', 'dashboards', 'trends', 'insights', 'collaborate', 'present', 'build', 'accuracy', 'datasets', 'analysis', 'visual', 'stakeholders', 'transform', 'query', 'forecast', 'trends']","['education', 'experience', 'excellent communication skills']"
"Apr 4, 2026","['Marketing', 'Data Analyst', 'Analyst', 'Market', 'Specialist']",Full Time,7.5,40,https://www.onlinejobs.ph/jobseekers/job/Marketing-Data-Analyst-Ads-Specialist-1616993,23,"['Excel', 'Reporting', 'Dashboard', 'Management', 'Strategy']","['report', 'monitor', 'track', 'build', 'accuracy']",['experience']
"Apr 3, 2026","['Analyst', 'Data Solutions']",Full Time,,TBD,https://www.onlinejobs.ph/jobseekers/job/Data-Solutions-Analyst-3-years-experience-1616230,24,"['SQL', ' BI', 'Reporting', 'Dashboard', 'Looker', 'Problem Solving', 'Communication', 'Stakeholder', 'Pipeline']","['report', 'dashboards', 'insights', 'build', 'accuracy', 'datasets', 'solve', 'communicate', 'stakeholders', 'query']","['computer science', 'engineering', 'data science', 'experience']"
"Apr 2, 2026","['Data Analyst', 'Analyst']",Full Time,5.0,30,https://www.onlinejobs.ph/jobseekers/job/Data-Analyst-1615700,25,"['SQL', 'Python', 'Excel', 'Tableau', 'Power BI', ' BI', 'Visual', 'Statistic', 'Reporting', 'Dashboard', 'Stakeholder', 'Governance', 'Metrics', 'Storytelling']","['analyze', 'report', 'dashboards', 'trends', 'insights', 'clean', 'monitor', 'present', 'findings', 'interpret', 'datasets', 'analysis', 'visual', 'communicate', 'metrics', 'stakeholders', 'trends']","['mathematics', 'computer science', 'experience']"
"Mar 31, 2026","['Data Analyst', 'Senior', 'Analyst']",Full Time,,TBD,https://www.onlinejobs.ph/jobseekers/job/Senior-Data-Analyst-1542629,26,"['SQL', 'Excel', 'Tableau', 'Power BI', ' BI', 'Visual', 'Statistic', 'Google Sheet', 'Management', 'Metrics']","['analyze', 'insights', 'present', 'analysis', 'visual', 'metrics']",['experience']
"Mar 30, 2026","['Virtual Assistant', 'Data Analyst', 'Analyst']",Full Time,5.0,40,https://www.onlinejobs.ph/jobseekers/job/Data-Analyst-Virtual-Assistant-1613566,27,"['SQL', 'Excel', 'Power BI', ' BI', 'Visual', 'Cleaning', 'Data Modeling', 'Reporting', 'Dashboard', 'Communication', 'Stakeholder', 'Pipeline', 'Warehouse']","['analyze', 'report', 'dashboards', 'trends', 'insights', 'clean', 'organize', 'present', 'findings', 'build', 'automate', 'accuracy', 'datasets', 'analysis', 'visual', 'validation', 'stakeholders', 'extract', 'transform', 'query', 'trends']",['experience']
"Mar 27, 2026","['Data Analyst', 'Analyst']",Any,4.66,40,https://www.onlinejobs.ph/jobseekers/job/Full-Time-Data-Analyst-Role-1612086,28,"['Google Sheet', 'Metrics']","['report', 'build', 'metrics']",['experience']
"Mar 27, 2026",['HighLevel'],Any,7.68,TBD,https://www.onlinejobs.ph/jobseekers/job/Affiliate-Growth-Partner-HighLevel-AI-Offer-1611738,29,"[' AI', 'Metrics']","['track', 'build', 'metrics']","['education', 'experience', 'senior']"
"Mar 26, 2026","['Data Analyst', 'Junior', 'Analyst']",Full Time,7.68,40,https://www.onlinejobs.ph/jobseekers/job/Junior-Data-Analyst-70000-PHP-MONTHLY-FRESH-GRADS-ARE-WELCOME-1593692,30,"['Excel', 'Dashboard', 'A/B', 'Google Analytics', 'Management', 'Strategy', 'spreadsheet']","['report', 'dashboards', 'trends', 'monitor', 'track', 'build', 'trends']","['graduate', 'experience', 'portfolio', 'mid', 'senior']"
"Mar 26, 2026","['Data Analyst', 'Analyst']",Full Time,8.0,40,https://www.onlinejobs.ph/jobseekers/job/Jr-Data-Analyst-70000-PHP-RETAINER-1596947,31,"['Excel', 'Statistic', 'Dashboard', 'A/B', 'Google Analytics', 'Management', 'Strategy', 'spreadsheet']","['report', 'dashboards', 'trends', 'monitor', 'track', 'build', 'trends']","['graduate', 'mathematics', 'computer science', 'engineering', 'experience', 'portfolio', 'mid', 'senior']"
"Mar 26, 2026","['Data Analyst', 'Analyst', 'Data Systems', 'Specialist']",Full Time,10.96,40,https://www.onlinejobs.ph/jobseekers/job/Data-Analyst-Data-Systems-Specialist-1611243,32,"['SQL', 'Tableau', 'Power BI', ' BI', 'Visual', ' AI', 'Reporting', 'Dashboard', 'Snowflake', 'KPI', 'Metrics', 'Pipeline', 'Warehouse', 'spreadsheet']","['report', 'dashboards', 'insights', 'decision-making', 'collaborate', 'organize', 'track', 'KPI', 'build', 'accuracy', 'visual', 'metrics', 'extract', 'transform', 'query']","['experience', 'project']"
"Mar 26, 2026","['Data Analyst', 'Senior', 'Analyst']",Full Time,13.75,TBD,https://www.onlinejobs.ph/jobseekers/job/Senior-Data-Analyst-1610893,33,"['SQL', 'Tableau', ' BI', 'Visual', 'Statistic', 'Cleaning', 'ETL', 'Data Modeling', 'Reporting', 'Dashboard', 'Google Analytics', 'Stakeholder', 'Management', 'Pipeline', 'Git']","['report', 'dashboards', 'insights', 'clean', 'track', 'build', 'accuracy', 'analysis', 'visual', 'solve', 'communicate', 'stakeholders', 'query']","['mathematics', 'computer science', 'experience', 'certifications', 'Google Data Analytics', 'senior']"
"Mar 25, 2026","['Power BI', 'Looker Studio', 'Data Analyst', 'Analyst', 'BI', 'Power BI']",Any,6.0,40,https://www.onlinejobs.ph/jobseekers/job/Data-Analyst-Dashboarding-Expert-Power-BI-Looker-Studio-Full-Time-Start-Immediately-1527879,34,"['SQL', 'Excel', 'Power BI', ' BI', 'Cleaning', 'Data Modeling', 'Reporting', 'Dashboard', 'Google Sheet', 'Looker', 'Communication', 'Management', 'KPI']","['report', 'dashboards', 'trends', 'insights', 'clean', 'monitor', 'track', 'KPI', 'build', 'interpret', 'analysis', 'transform', 'query', 'document', 'trends']",['experience']
"Mar 24, 2026","['E-commerce', 'Data Analyst', 'Analyst', 'Retention']",Full Time,7.0,TBD,https://www.onlinejobs.ph/jobseekers/job/Retention-Data-Analyst-E-Commerce-Subscription-1604774,35,"['Excel', ' BI', 'Dashboard', 'Google Sheet', 'Metrics']","['analyze', 'report', 'dashboards', 'trends', 'insights', 'collaborate', 'monitor', 'build', 'interpret', 'metrics', 'extract', 'trends']",['experience']
"Mar 24, 2026","['Data Analyst', 'Analyst']",Full Time,3.12,40,https://www.onlinejobs.ph/jobseekers/job/Data-Analyst-Remote-1609552,36,"['SQL', 'Python', 'Excel', ' BI', 'Visual', 'Data Modeling', 'Intelligence', 'Reporting', 'Dashboard', 'Predictive', 'Stakeholder', 'Management', 'KPI', 'Strategy']","['report', 'dashboards', 'insights', 'KPI', 'build', 'automate', 'accuracy', 'analysis', 'visual', 'validation', 'stakeholders', 'extract', 'document', 'forecast']","['experience', 'certifications', 'project', 'senior']"
"Mar 21, 2026","['Airbnb', 'Property Management', 'Data Analyst', 'Analyst']",Full Time,5.0,40,https://www.onlinejobs.ph/jobseekers/job/Airbnb-Property-Management-Data-Analyst-1607430,37,"['Excel', ' AI']","['clean', 'analysis']",[]
"Mar 18, 2026","['Analyst', 'Workforce']",Full Time,9.45,40,https://www.onlinejobs.ph/jobseekers/job/Workforce-Analyst-1605070,38,"['Excel', 'Power BI', ' BI', 'Visual', 'Cleaning', 'Data Modeling', 'Reporting', 'Dashboard', 'Google Sheet', 'Communication', 'Management', 'Metrics']","['report', 'dashboards', 'trends', 'insights', 'decision-making', 'clean', 'organize', 'build', 'automate', 'analysis', 'visual', 'metrics', 'query', 'document', 'trends']","['engineering', 'experience']"
"Mar 18, 2026","['ERP', 'Business', 'Analyst']",Full Time,,40,https://www.onlinejobs.ph/jobseekers/job/Business-Analyst-ERP-Data-Analytics-1604316,39,"['SQL', 'Excel', 'Power BI', ' BI', 'Visual', 'Reporting', 'Dashboard', 'Management', 'KPI']","['report', 'trends', 'insights', 'decision-making', 'clean', 'present', 'findings', 'KPI', 'build', 'interpret', 'datasets', 'visual', 'validation', 'extract', 'transform', 'query', 'trends']",['experience']
"Mar 12, 2026","['Marketing', 'Data Analyst', 'Analyst', 'Market', 'Automation']",Part Time,15.62,15,https://www.onlinejobs.ph/jobseekers/job/Marketing-Sales-Data-Analyst-Automation-Dashboard-1600250,40,"['Excel', 'Reporting', 'Dashboard', 'Google Sheet', 'Looker', 'Metrics', 'Pipeline', 'spreadsheet']","['report', 'dashboards', 'insights', 'clean', 'present', 'track', 'build', 'automate', 'analysis', 'metrics', 'extract']",['experience']
"Mar 12, 2026","['Revenue Share', 'Revenue', 'Manager']",Any,17.19,TBD,https://www.onlinejobs.ph/jobseekers/job/Growth-Manager-Revenue-Share-Opportunity-1599801,41,"[' AI', 'Metrics', 'Strategy']","['build', 'metrics', 'document']","['education', 'project']"
"Mar 12, 2026","['Market', 'Performance']",Any,17.19,TBD,https://www.onlinejobs.ph/jobseekers/job/20003500-Performance-Upside-Affiliate-Marketer-1599799,42,"[' AI', 'Metrics', 'Strategy']","['build', 'metrics', 'document']","['education', 'project']"
"Mar 12, 2026","['STR', 'Marketing', 'Affiliate Marketing', 'Revenue Share', 'Market', 'Revenue']",Any,8.59,TBD,https://www.onlinejobs.ph/jobseekers/job/Affiliate-Marketing-Direct-Response-Growth-Strategist-20003500-Revenue-Share-1599797,43,"[' AI', 'Metrics', 'Strategy']","['build', 'metrics', 'document']","['education', 'project']"
"Mar 12, 2026","['Social Media', 'Instagram', 'TikTok', 'Data Analyst', 'Analyst', 'Social Media']",Full Time,14.0,40,https://www.onlinejobs.ph/jobseekers/job/Social-Media-Data-Analyst-Instagram-Reels-TikTok-1599308,44,"['Reporting', 'Communication', 'Metrics', 'Strategy']","['analyze', 'report', 'trends', 'insights', 'monitor', 'metrics', 'trends']",['experience']
"Mar 6, 2026","['Amazon', 'Data Analyst', 'Analyst', 'Performance', 'Creative']",Part Time,4.0,10,https://www.onlinejobs.ph/jobseekers/job/Creative-Performance-Data-Analyst-Amazon-Video-Ads-1577337,45,"['Reporting', 'Dashboard']","['analyze', 'report', 'dashboards', 'insights', 'clean']","['experience', 'entry']"
"Mar 5, 2026","['Data Analyst', 'Analyst', 'Performance']",Full Time,15.0,40,https://www.onlinejobs.ph/jobseekers/job/Data-Analyst-Lead-Call-Performance-1594438,46,"['SQL', 'Excel', 'Tableau', 'Power BI', ' BI', 'Visual', 'Intelligence', 'Reporting', 'Dashboard', 'Google Sheet', 'Looker', 'Communication', 'Management', 'Metrics']","['analyze', 'report', 'dashboards', 'trends', 'insights', 'present', 'findings', 'track', 'build', 'interpret', 'accuracy', 'datasets', 'analysis', 'visual', 'metrics', 'validation', 'query', 'trends']","['experience', 'senior']"
"Mar 4, 2026","['Business', 'Analyst', 'Financial', 'Operations', 'Operations']",Part Time,4.48,20,https://www.onlinejobs.ph/jobseekers/job/Business-Operations-Data-and-Financial-Analyst-1593174,47,"['Excel', ' BI', 'Visual', 'Reporting', 'Dashboard', 'Management', 'KPI']","['report', 'dashboards', 'present', 'track', 'KPI', 'build', 'interpret', 'analysis', 'visual', 'communicate', 'extract']","['experience', 'entry', 'senior']"
"Mar 2, 2026","['Data Analyst', 'Analyst', 'Fractional', 'CFO']",Part Time,5.0,20,https://www.onlinejobs.ph/jobseekers/job/FRACTIONAL-CFO-ECOM-DATA-ANALYST-1590957,48,"['Excel', ' BI', 'Reporting', 'Dashboard', 'Google Sheet', 'Management', 'Strategy']","['analyze', 'report', 'dashboards', 'insights', 'monitor', 'present', 'build', 'accuracy', 'analysis', 'forecast']",['experience']
"Feb 24, 2026","['Real Estate', 'Data Analyst', 'Analyst', 'Real Estate']",Full Time,,40,https://www.onlinejobs.ph/jobseekers/job/Real-Estate-Data-Analyst-1587259,49,"['Excel', ' AI', 'Cleaning', 'Reporting', 'Communication', 'Management']","['report', 'clean', 'organize', 'monitor', 'accuracy', 'analysis', 'solve', 'communicate', 'load', 'document']","['experience', 'project', 'entry', 'internet connection']"
"Feb 23, 2026","['Data Analyst', 'Analyst', 'Research', 'Associate']",Full Time,,40,https://www.onlinejobs.ph/jobseekers/job/Research-Associate-Data-Analyst-1565221,50,"['Python', 'Excel', 'Statistic', ' AI', 'Intelligence', 'Reporting', 'Communication', 'Stakeholder']","['report', 'insights', 'clean', 'findings', 'track', 'build', 'analysis', 'stakeholders', 'extract', 'document']","['education', ""master's degree"", 'data science', 'experience', 'portfolio']"
"Feb 23, 2026","['Google Sheets', 'Data Analyst', 'Analyst', 'Ecommerce', 'KPI']",Gig,6.5,TBD,https://www.onlinejobs.ph/jobseekers/job/Google-Sheets-Data-Analyst-Ecommerce-KPI-Dashboard-Build-Project-Based-1585807,51,"['Dashboard', 'Google Sheet', 'KPI', 'Metrics']","['dashboards', 'track', 'KPI', 'build', 'automate', 'metrics', 'query', 'document']","['experience', 'entry']"
"Feb 21, 2026","['Data Analyst', 'Analyst', 'Reporting', 'Specialist', 'Automation']",Any,6.25,30,https://www.onlinejobs.ph/jobseekers/job/Database-Reporting-and-AI-Specialist-Data-Analyst-Automation-Expert-1584954,52,"[' BI', ' AI', 'Intelligence', 'Reporting', 'Dashboard', 'Google Sheet', 'Looker', 'spreadsheet']","['report', 'dashboards', 'clean', 'build', 'automate', 'query']",[]
"Feb 20, 2026","['Call Center', 'Data Analyst', 'Analyst', 'Reporting']",Full Time,7.29,40,https://www.onlinejobs.ph/jobseekers/job/Full-Time-Data-Analyst-Advanced-Excel-Call-Center-Reporting-1000month-1584081,53,"['Excel', ' AI', 'Reporting', 'Dashboard']","['report', 'dashboards', 'clean', 'build', 'datasets', 'solve']",['experience']
"Feb 19, 2026","['Senior', 'Business', 'Analyst']",Full Time,4.69,40,https://www.onlinejobs.ph/jobseekers/job/Senior-Data-Business-Analyst-1583577,54,"['SQL', 'Python', 'Tableau', 'Power BI', ' BI', 'Machine Learning', ' AI', 'Reporting', 'Dashboard', 'Stakeholder', 'Governance', 'KPI', 'Metrics', 'Strategy']","['analyze', 'report', 'dashboards', 'insights', 'findings', 'KPI', 'build', 'datasets', 'analysis', 'metrics', 'validation', 'stakeholders', 'transform']","['engineering', 'data science', 'experience', 'mid']"
"Feb 17, 2026","['Airtable', 'Virtual Assistant', 'Data Analyst', 'Analyst', 'Automation']",Part Time,,15,https://www.onlinejobs.ph/jobseekers/job/Virtual-Assistant-Data-Analyst-Airtable-Automations-1581421,55,"['Excel', ' AI', 'Google Sheet', 'Metrics', 'spreadsheet']","['report', 'trends', 'present', 'analysis', 'metrics', 'trends']",['experience']
"Feb 10, 2026","['Healthcare', 'Data Analyst', 'Analyst', 'Revenue']",Part Time,,10,https://www.onlinejobs.ph/jobseekers/job/Part-Time-Mathematician-Data-Analyst-Healthcare-Revenue-IDR-Analysis-1576251,56,"['Excel', ' BI', 'Statistic', 'Dashboard', 'Google Sheet']","['analyze', 'dashboards', 'trends', 'insights', 'findings', 'accuracy', 'datasets', 'analysis', 'trends']","['mathematics', 'economics', 'experience', 'project']"
"Feb 5, 2026","['Data Analyst', 'Analyst']",Full Time,3.8,40,https://www.onlinejobs.ph/jobseekers/job/Data-analyst-1572424,57,"['Excel', 'Communication', 'Management']","['analyze', 'report', 'present', 'analysis', 'validation', 'load']","['graduate', 'experience']"
"Feb 4, 2026","['Amazon', 'Data Analyst', 'Analyst']",Any,5.0,25,https://www.onlinejobs.ph/jobseekers/job/Amazon-Lead-Reviewer-and-Data-Analyst-1556387,58,[],"['analyze', 'trends', 'trends']",[]
"Feb 3, 2026",['Analyst'],Part Time,4.11,TBD,https://www.onlinejobs.ph/jobseekers/job/PROPERTY-DATA-VERIFICATION-QUALITY-ANALYST-1567791,59,"['Excel', 'spreadsheet']","['clean', 'build', 'accuracy', 'validation']",['experience']
"Feb 1, 2026","['SEO', 'Data Analyst', 'Analyst', 'SEO']",Full Time,7.5,TBD,https://www.onlinejobs.ph/jobseekers/job/Data-Analyst-SEO-1418418,60,"['SQL', 'Python', 'Excel', 'Visual', 'ETL', 'Reporting', 'Dashboard', 'Google Analytics', 'Looker', 'Communication', 'Git']","['analyze', 'report', 'dashboards', 'trends', 'insights', 'clean', 'monitor', 'present', 'accuracy', 'analysis', 'visual', 'solve', 'trends']","['engineering', 'data science', 'experience']"
"Jan 29, 2026","['Data Analyst', 'Business', 'Analyst']",Full Time,4.69,TBD,https://www.onlinejobs.ph/jobseekers/job/Data-AnalystBusiness-Analyst-1566986,61,"['SQL', 'Python', 'Tableau', 'Power BI', ' BI', 'Visual', 'Statistic', ' AI', 'ETL', 'Data Modeling', 'Intelligence', 'Reporting', 'Dashboard', 'Predictive', 'Communication', 'Stakeholder', 'Management', 'Governance', 'Pipeline', 'Regression']","['report', 'dashboards', 'trends', 'collaborate', 'present', 'findings', 'build', 'automate', 'datasets', 'analysis', 'visual', 'solve', 'communicate', 'validation', 'stakeholders', 'transform', 'query', 'document', 'forecast', 'trends']","['engineering', 'experience', 'portfolio']"
"Jan 28, 2026","['Marketing', 'Data Analyst', 'Analyst', 'Market']",Full Time,10.94,40,https://www.onlinejobs.ph/jobseekers/job/Marketing-Science-Data-Analyst-1556508,62,"['Excel', 'Intelligence', 'Reporting', 'Communication', 'KPI', 'Git']","['analyze', 'report', 'trends', 'insights', 'collaborate', 'track', 'KPI', 'accuracy', 'analysis', 'solve', 'trends']","['education', 'experience', 'entry']"
"Jan 27, 2026","['Amplitude', 'Business', 'Analyst']",Full Time,6.25,TBD,https://www.onlinejobs.ph/jobseekers/job/Amplitude-Expert-with-Business-Analyst-Background-1558125,63,"['SQL', 'Excel', 'Tableau', 'Visual', 'Reporting', 'Dashboard', 'A/B', 'Predictive', 'Google Sheet', 'Looker', 'Communication', 'Management', 'Metrics', 'spreadsheet']","['report', 'dashboards', 'insights', 'monitor', 'present', 'track', 'build', 'analysis', 'visual', 'metrics', 'extract', 'transform', 'document']","['experience', 'senior']"
"Jan 27, 2026","['Data Analyst', 'Analyst']",Full Time,7.5,40,https://www.onlinejobs.ph/jobseekers/job/Data-analyst-1564566,64,"['Excel', 'Visual', 'Dashboard', 'KPI']","['analyze', 'report', 'dashboards', 'trends', 'insights', 'collaborate', 'clean', 'organize', 'monitor', 'KPI', 'interpret', 'accuracy', 'datasets', 'analysis', 'visual', 'communicate', 'trends']",['internet connection']
"Jan 26, 2026","['Short-Term Rental', 'Data Analyst', 'Analyst', 'Revenue', 'Manager']",Any,4.69,30,https://www.onlinejobs.ph/jobseekers/job/Revenue-Manager-Data-Analyst-Short-Term-Rentals-1564213,65,"['Excel', ' AI', 'Dashboard', 'Google Sheet', 'Management', 'Metrics']","['analyze', 'report', 'dashboards', 'organize', 'monitor', 'build', 'analysis', 'metrics']","['experience', 'portfolio', 'project', 'entry']"
"Jan 25, 2026","['Betfair', 'Data Analyst', 'Analyst', 'Specialist', 'Sports']",Any,3.12,25,https://www.onlinejobs.ph/jobseekers/job/Sports-Trading-Specialist-Betfair-Data-Analyst-1563216,66,"['Excel', 'Strategy']","['analyze', 'monitor', 'track', 'analysis', 'load']","['experience', 'internet connection']"
"Jan 24, 2026","['Data Analyst', 'Analyst', 'Entry', 'M&A']",Any,6.5,35,https://www.onlinejobs.ph/jobseekers/job/DATA-ANALYST-ENTRY-MA-TRANSACTIONS-1562807,67,"['Excel', 'Google Sheet', 'Communication', 'Management']","['analyze', 'clean', 'organize', 'build', 'automate', 'accuracy', 'validation']","['experience', 'project', 'entry', 'internet connection']"
"Jan 23, 2026","['STR', 'Construction', 'Data Analyst', 'Business', 'Analyst', 'Pricing']",Part Time,1.88,12,https://www.onlinejobs.ph/jobseekers/job/Pricing-Estimating-Systems-EngineerData-Analyst-for-Small-Construction-Business-1561744,68,"['Python', 'Excel', 'Visual', ' AI', 'Reporting', 'Google Sheet', 'Communication', 'KPI', 'Strategy']","['report', 'insights', 'clean', 'organize', 'track', 'KPI', 'build', 'accuracy', 'visual', 'document']","['experience', 'project', 'entry']"
"Jan 18, 2026","['Data Analyst', 'Analyst', 'Revenue', 'KPI']",Part Time,8.0,20,https://www.onlinejobs.ph/jobseekers/job/Data-Analyst-Revenue-Optimization-KPI-Tracking-1557588,69,"['Excel', 'Visual', 'Dashboard', 'Google Sheet', 'Management', 'KPI', 'Metrics']","['analyze', 'report', 'dashboards', 'trends', 'insights', 'monitor', 'track', 'KPI', 'analysis', 'visual', 'communicate', 'metrics', 'forecast', 'trends']","['experience', 'portfolio']"
"Jan 18, 2026","['Analyst', 'Ecommerce', 'Reporting']",Part Time,7.5,15,https://www.onlinejobs.ph/jobseekers/job/Ecommerce-Data-Reporting-Analyst-1557289,70,"['SQL', 'Excel', ' BI', 'Visual', 'Reporting', 'Dashboard', 'Google Sheet', 'Google Analytics', 'Looker', 'Communication', 'Management', 'Metrics']","['analyze', 'report', 'dashboards', 'trends', 'insights', 'decision-making', 'clean', 'monitor', 'track', 'build', 'analysis', 'visual', 'metrics', 'document', 'forecast', 'trends']","['experience', 'portfolio']"
"Jan 17, 2026","['E-commerce', 'Finance', 'Power BI', 'Senior', 'BI', 'Power BI', 'CFO']",Full Time,4.69,35,https://www.onlinejobs.ph/jobseekers/job/Senior-Power-BI-Developer-Finance-E-commerce-CFO-Driven-Environment-1556959,71,"['SQL', 'Excel', 'Power BI', ' BI', 'ETL', 'Data Modeling', 'Reporting', 'Dashboard', 'Governance', 'KPI', 'Metrics', 'Pipeline']","['report', 'dashboards', 'KPI', 'build', 'accuracy', 'metrics', 'query']","['experience', 'portfolio', 'project', 'mid', 'senior']"
"Jan 10, 2026","['PPC', 'Analyst', 'Performance', 'PPC']",Full Time,4.06,40,https://www.onlinejobs.ph/jobseekers/job/PPC-Data-Performance-Analyst-1551312,72,"['Reporting', 'Dashboard', 'Metrics']","['report', 'dashboards', 'trends', 'track', 'accuracy', 'metrics', 'trends']",[]
"Jan 9, 2026","['Marketing', 'Market']",Full Time,8.0,8,https://www.onlinejobs.ph/jobseekers/job/Marketing-Executive-Ad-Creator-Wanted-Singapore-Company-1550217,73,"[' BI', ' AI', 'Communication', 'Storytelling', 'Strategy']","['trends', 'insights', 'collaborate', 'clean', 'analysis', 'trends']","['experience', 'portfolio', 'project']"
"Jan 9, 2026","['Data Analyst', 'Analyst']",Any,13.16,30,https://www.onlinejobs.ph/jobseekers/job/Data-Analyst-Presentation-Maker-1549383,74,"[' AI', 'Reporting', 'Dashboard', 'Metrics', 'Pipeline']","['report', 'present', 'findings', 'build', 'metrics']",[]
"Jan 6, 2026","['Procurement', 'Specialist']",Full Time,6.25,40,https://www.onlinejobs.ph/jobseekers/job/ProcurementPurchasing-Specialist-MUST-be-based-in-Davao-1067742,75,[],"['analyze', 'report', 'monitor', 'track', 'solve']",['experience']
"Jan 2, 2026","['Data Analyst', 'Analyst', 'Operations', 'Operations']",Full Time,7.81,40,https://www.onlinejobs.ph/jobseekers/job/Sales-Operations-Data-Analyst-1543889,76,"['Reporting', 'Dashboard', 'Google Sheet', 'KPI', 'Pipeline']","['report', 'dashboards', 'trends', 'insights', 'clean', 'track', 'KPI', 'build', 'accuracy', 'communicate', 'validation', 'query', 'forecast', 'trends']",['experience']
"Dec 30, 2025",['Performance'],Full Time,137.5,40,https://www.onlinejobs.ph/jobseekers/job/TRACKING-VA-Data-Analytics-Performance-Monitoring-1543253,77,"['Excel', 'Tableau', ' BI', 'Reporting', 'Dashboard', 'Google Sheet', 'Looker', 'Problem Solving', 'Communication', 'Management', 'Metrics', 'Pipeline', 'Strategy']","['report', 'dashboards', 'trends', 'insights', 'decision-making', 'monitor', 'track', 'accuracy', 'analysis', 'solve', 'communicate', 'metrics', 'validation', 'load', 'query', 'trends']","['education', 'experience', 'entry', 'senior']"
"Dec 30, 2025","['Data Analyst', 'Analyst']",Part Time,7.5,15,https://www.onlinejobs.ph/jobseekers/job/Data-AnalystPalawan-Island-1441482,78,"['Data Modeling', 'Predictive']","['analyze', 'insights', 'organize', 'analysis']",['project']
"Dec 22, 2025","['Research', 'Operations', 'Specialist', 'Operations']",Part Time,6.03,20,https://www.onlinejobs.ph/jobseekers/job/Research-AI-Data-Operations-Specialist-1539265,79,"['SQL', 'Python', 'Excel', 'Tableau', 'Power BI', ' BI', 'Visual', 'Statistic', 'Machine Learning', ' AI', 'Cleaning', 'Data Modeling', 'Communication', 'Metrics', 'Pipeline', 'Pandas']","['report', 'insights', 'collaborate', 'clean', 'organize', 'findings', 'build', 'interpret', 'automate', 'accuracy', 'datasets', 'analysis', 'visual', 'metrics', 'document']","['education', 'engineering', 'experience']"
"Dec 17, 2025","['Data Analyst', 'Analyst', 'Specialist', 'BI', 'Automation']",Any,7.81,40,https://www.onlinejobs.ph/jobseekers/job/Data-Analyst-Excel-Automation-BI-Specialist-1536910,80,"['SQL', 'Python', 'Excel', 'Power BI', ' BI', 'Visual', 'Statistic', 'ETL', 'Data Modeling', 'Intelligence', 'Reporting', 'Dashboard', 'Communication', 'Stakeholder', 'Pipeline', 'Azure', 'Pandas', 'NumPy']","['report', 'dashboards', 'insights', 'collaborate', 'clean', 'build', 'automate', 'datasets', 'visual', 'validation', 'stakeholders', 'extract', 'transform', 'query', 'document']","['data science', 'experience']"
"Dec 10, 2025","['Data Scientist', 'Analyst']",Full Time,,TBD,https://www.onlinejobs.ph/jobseekers/job/Data-ScientistAnalyst-1532190,81,"['SQL', 'Python', 'Statistic', 'Machine Learning', 'Reporting', 'Communication', 'Pipeline', 'Git']","['report', 'interpret', 'analysis', 'extract']","['engineering', 'data science', 'experience', 'portfolio']"
"Dec 9, 2025","['Data Analyst', 'Business', 'Analyst']",Full Time,6.25,38,https://www.onlinejobs.ph/jobseekers/job/Business-Data-Analyst-1517834,82,"['SQL', 'Python', 'Excel', 'Visual', 'Statistic', 'Cleaning', 'Reporting', 'Dashboard', 'Predictive', 'Communication', 'Stakeholder', 'Management', 'spreadsheet']","['analyze', 'report', 'dashboards', 'insights', 'decision-making', 'collaborate', 'clean', 'present', 'track', 'build', 'datasets', 'analysis', 'visual', 'validation', 'stakeholders', 'transform', 'document']","['experience', 'excellent communication skills', 'project']"
"Dec 4, 2025","['Data Analyst', 'Senior', 'Analyst']",Gig,3.12,30,https://www.onlinejobs.ph/jobseekers/job/Senior-Data-Analyst-1527476,83,"['SQL', ' BI', 'Visual', 'ETL', 'Reporting', 'Dashboard', 'Google Analytics', 'Pipeline', 'Warehouse', 'Git', 'Strategy']","['report', 'dashboards', 'insights', 'track', 'build', 'visual']","['engineering', 'experience', 'senior']"
"Dec 1, 2025","['Data Analyst', 'Analyst']",Gig,6.25,20,https://www.onlinejobs.ph/jobseekers/job/Data-Analyst-1525075,84,"['SQL', ' BI', 'Visual', 'ETL', 'Reporting', 'Dashboard', 'Google Analytics', 'Pipeline', 'Warehouse', 'Git']","['report', 'dashboards', 'insights', 'track', 'build', 'interpret', 'visual']","['engineering', 'experience']"
"Nov 24, 2025","['Data Analyst', 'Senior', 'Analyst', 'Financial', 'BI', 'FP&A']",Full Time,5.62,40,https://www.onlinejobs.ph/jobseekers/job/Senior-Financial-Data-Analyst-FPA-BI-Dashboard-1520321,85,"['SQL', 'Excel', 'Tableau', 'Power BI', ' BI', 'Visual', 'Reporting', 'Dashboard', 'Google Sheet', 'Communication', 'KPI']","['analyze', 'report', 'dashboards', 'insights', 'decision-making', 'clean', 'present', 'KPI', 'build', 'automate', 'analysis', 'visual', 'transform', 'forecast']","['experience', 'senior']"
"Nov 23, 2025","['Data Analyst', 'Analyst']",Full Time,2.19,40,https://www.onlinejobs.ph/jobseekers/job/Data-Analyst-1501049,86,"['Excel', 'Tableau', 'Power BI', ' BI', 'Visual', 'Statistic', 'Reporting', 'Communication', 'Management']","['analyze', 'report', 'insights', 'organize', 'present', 'interpret', 'accuracy', 'analysis', 'visual', 'extract', 'document']",['experience']
"Nov 21, 2025","['Marketing', 'Lead Gen', 'Market']",Any,5.0,40,https://www.onlinejobs.ph/jobseekers/job/Growth-Marketing-Assistant-Lead-Gen-Ads-Socials-1394125,87,"['Excel', ' AI', 'ETL', 'Reporting', 'Communication', 'Management', 'Git']","['report', 'collaborate', 'monitor', 'present', 'build', 'automate', 'extract', 'transform', 'load', 'document']","['experience', 'entry']"
"Nov 21, 2025","['Analyst', 'Intelligence']",Full Time,2.5,TBD,https://www.onlinejobs.ph/jobseekers/job/Lead-Data-Acquisition-Intelligence-Analyst-1518874,88,"['SQL', 'Python', 'Intelligence', 'Predictive', 'Pipeline', 'AWS', 'GCP', 'Pandas', 'Strategy']","['analyze', 'report', 'trends', 'insights', 'collaborate', 'present', 'build', 'automate', 'accuracy', 'analysis', 'extract', 'document', 'trends']","['experience', 'project']"
"Nov 20, 2025",['BI'],Part Time,,20,https://www.onlinejobs.ph/jobseekers/job/PowerBi-Developer-1518427,89,"['SQL', 'Excel', 'Power BI', ' BI', 'Visual', 'Data Modeling', 'Intelligence', 'Dashboard', 'Snowflake', 'Communication', 'Stakeholder']","['report', 'dashboards', 'clean', 'findings', 'gather requirements', 'automate', 'analysis', 'visual', 'communicate', 'stakeholders', 'transform', 'query']","['experience', 'certifications', 'Microsoft Certified']"
"Nov 18, 2025",['Automation'],Any,7.5,40,https://www.onlinejobs.ph/jobseekers/job/Automation-system-engineer-1516250,90,"['SQL', 'Python', 'Excel', 'Power BI', ' BI', 'ETL', 'Data Modeling', 'Intelligence', 'Reporting', 'Dashboard', 'Communication', 'Management', 'Governance', 'Metrics', 'Pandas', 'NumPy']","['report', 'dashboards', 'clean', 'organize', 'track', 'build', 'automate', 'datasets', 'analysis', 'solve', 'metrics', 'validation', 'extract', 'transform', 'query', 'document']","['certificate', 'experience', 'entry']"
"Nov 14, 2025","['STR', 'Analyst', 'Revenue']",Any,5.0,TBD,https://www.onlinejobs.ph/jobseekers/job/Listing-and-Revenue-Analyst-Short-Term-Rental-STR-1513812,91,"['Excel', ' AI', 'Cleaning', 'Reporting', 'Dashboard', 'Google Sheet', 'Management', 'KPI', 'Strategy']","['report', 'dashboards', 'trends', 'insights', 'clean', 'organize', 'monitor', 'present', 'track', 'KPI', 'build', 'accuracy', 'datasets', 'analysis', 'transform', 'load', 'trends']","['experience', 'entry']"
"Nov 6, 2025","['Data Analyst', 'Analyst']",Full Time,2.5,48,https://www.onlinejobs.ph/jobseekers/job/Full-Time-High-Level-Data-Analyst-1507702,92,"['Excel', ' AI', 'Communication']","['trends', 'clean', 'monitor', 'present', 'communicate', 'trends']","['experience', 'excellent communication skills', 'portfolio']"
"Oct 20, 2025","['API', 'Junior', 'Business', 'Analyst', 'Technical']",Full Time,3.0,TBD,https://www.onlinejobs.ph/jobseekers/job/Junior-Technical-Business-Analyst-API-Data-Aggregation-1494659,93,"['SQL', 'Data Modeling', 'Communication']","['analyze', 'collaborate', 'analysis', 'validation', 'document']","['experience', 'entry']"
"Oct 15, 2025","['E-commerce', 'Marketing', 'Advertising', 'Data Analyst', 'Analyst', 'Market']",Full Time,3.0,50,https://www.onlinejobs.ph/jobseekers/job/Data-Analyst-for-Marketing-and-Advertising-E-commerce-1279231,94,"['A/B', 'Google Analytics', 'Communication', 'Metrics', 'Git']","['analyze', 'report', 'trends', 'metrics', 'trends']","['experience', 'project']"
"Oct 15, 2025","['Marketing', 'Digital Marketing', 'Data Analyst', 'Analyst', 'Market', 'Manager']",Full Time,,50,https://www.onlinejobs.ph/jobseekers/job/Data-AnalystDigital-Marketing-Manager-1279232,95,"['SQL', 'Python', 'Excel', 'Tableau', 'Reporting', 'Dashboard', 'Google Sheet', 'Google Analytics', 'Communication', 'Management', 'Git']","['analyze', 'report', 'dashboards', 'insights', 'present', 'analysis']",['experience']
"Oct 15, 2025","['E-commerce', 'Marketing', 'Advertising', 'Data Analyst', 'Analyst', 'Market']",Any,10.0,60,https://www.onlinejobs.ph/jobseekers/job/Data-Analyst-for-Marketing-and-Advertising-E-commerce-1290172,96,"['SQL', 'Python', 'Excel', 'Tableau', 'Power BI', ' BI', 'Statistic', 'Dashboard', 'A/B', 'Predictive', 'Communication', 'Stakeholder', 'Metrics', 'Git']","['analyze', 'report', 'dashboards', 'trends', 'insights', 'collaborate', 'monitor', 'present', 'findings', 'interpret', 'analysis', 'metrics', 'stakeholders', 'forecast', 'trends']","['data science', 'experience']"
"Oct 8, 2025","['Data Analyst', 'Analyst']",Full Time,5.0,40,https://www.onlinejobs.ph/jobseekers/job/Data-Analyst-1486802,97,"['SQL', 'Excel', 'Reporting', 'Management', 'Strategy']","['report', 'trends', 'insights', 'collaborate', 'build', 'analysis', 'trends']","['education', 'experience', 'portfolio', 'project']"
"Oct 8, 2025","['Power BI', 'Data Analyst', 'Analyst', 'BI', 'Power BI']",Part Time,10.0,20,https://www.onlinejobs.ph/jobseekers/job/Power-BI-Developer-Data-Analyst-1486171,98,"['SQL', 'Excel', 'Power BI', ' BI', 'Visual', ' AI', 'Data Modeling', 'Dashboard', 'Communication', 'Stakeholder', 'KPI', 'Azure', 'Git', 'Storytelling']","['report', 'dashboards', 'trends', 'insights', 'clean', 'track', 'KPI', 'build', 'accuracy', 'visual', 'stakeholders', 'transform', 'load', 'query', 'document', 'trends']","['experience', 'portfolio', 'project']"
"Oct 5, 2025","['book', 'Bookkeeping', 'Data Analyst', 'Analyst']",Full Time,2.63,30,https://www.onlinejobs.ph/jobseekers/job/Bookkeeping-Data-Analyst-and-Executive-Assistant-1484051,99,"['Excel', 'Reporting', 'Communication', 'Management', 'Metrics', 'spreadsheet']","['report', 'trends', 'track', 'build', 'analysis', 'metrics', 'validation', 'query', 'forecast', 'trends']",['experience']
"Oct 3, 2025","['STR', 'Virtual Assistant']",Full Time,4.39,40,https://www.onlinejobs.ph/jobseekers/job/Recruitment-Administrator-Virtual-Assistant-Cebu-City-1483470,100,"['Excel', ' BI', 'Communication', 'Management']","['clean', 'monitor', 'track', 'build', 'datasets', 'transform', 'load', 'document']","['experience', 'project']"
"Sep 25, 2025","['Marketing', 'Analyst', 'Market', 'Research']",Full Time,,40,https://www.onlinejobs.ph/jobseekers/job/Full-time-Marketing-Data-Research-Analyst-Paid-Trial-This-Weekend-Fast-Hire-1477373,101,['Intelligence'],"['analyze', 'build']",['project']
"Sep 22, 2025",[],Full Time,10.0,30,https://www.onlinejobs.ph/jobseekers/job/data-computer-science-majors-only-1475463,102,"['SQL', 'Python', 'Excel', 'Tableau', 'Power BI', ' BI', 'Visual', 'Cleaning', 'Reporting', 'Dashboard', 'Google Sheet', 'Pandas', 'NumPy', 'Matplotlib', 'Jupyter']","['report', 'dashboards', 'insights', 'clean', 'datasets', 'analysis', 'visual', 'extract', 'transform']","['portfolio', 'project']"
"Sep 19, 2025","['Data Analyst', 'Analyst', 'Technical']",Part Time,4.69,20,https://www.onlinejobs.ph/jobseekers/job/Technical-Data-Analyst-1473642,103,[' BI'],"['analyze', 'insights', 'track', 'build', 'automate', 'query']",['experience']
"Sep 18, 2025","['Data Analyst', 'Analyst', 'Insurance']",Full Time,6.25,50,https://www.onlinejobs.ph/jobseekers/job/Insurance-Data-Analyst-1472471,104,"['SQL', 'Excel', 'Tableau', 'Power BI', ' BI', 'Visual', 'Cleaning', 'Reporting', 'Dashboard', 'Google Sheet', 'Looker']","['report', 'dashboards', 'decision-making', 'clean', 'track', 'build', 'accuracy', 'analysis', 'visual', 'validation']","['experience', 'portfolio']"
"Sep 16, 2025","['GoHighLevel', 'HighLevel', 'AgencyAnalytics', 'Data Analyst', 'Analyst', 'Reporting', 'Specialist', 'KPI']",Full Time,,40,https://www.onlinejobs.ph/jobseekers/job/KPI-Data-Analyst-Reporting-Specialist-AgencyAnalytics-GoHighLevel-1471176,105,"[' BI', 'Reporting', 'Dashboard', 'Google Sheet', 'Looker', 'KPI', 'Metrics', 'Pipeline']","['report', 'dashboards', 'insights', 'track', 'KPI', 'accuracy', 'metrics']",[]
"Sep 10, 2025","['Amazon', 'Data Analyst', 'Analyst', 'Specialist', 'Insights']",Part Time,4.66,TBD,https://www.onlinejobs.ph/jobseekers/job/Amazon-Data-Analyst-Insights-Specialist-1466537,106,"['Excel', ' AI', 'Reporting', 'Google Sheet', 'Critical Thinking', 'Communication', 'Management', 'Metrics', 'Strategy', 'spreadsheet']","['report', 'insights', 'decision-making', 'present', 'track', 'interpret', 'analysis', 'communicate', 'metrics', 'document']","['experience', 'mid', 'senior']"
"Sep 9, 2025","['Design', 'graphic', 'email']",Full Time,5.0,40,https://www.onlinejobs.ph/jobseekers/job/Email-Graphic-Designer-1465920,107,"['Excel', 'Visual', 'Communication']","['trends', 'track', 'build', 'visual', 'trends']","['experience', 'portfolio']"
"Sep 8, 2025","['Data Analyst', 'Analyst', 'Ecommerce']",Full Time,4.0,40,https://www.onlinejobs.ph/jobseekers/job/Ecommerce-Data-Analyst-1465046,108,"['SQL', 'Python', 'Excel', 'Cleaning', 'ETL', 'Google Sheet', 'Communication', 'Pipeline', 'spreadsheet']","['collaborate', 'clean', 'build', 'automate', 'datasets', 'extract', 'transform', 'load']","['engineering', 'experience']"
"Sep 4, 2025",['Media Buyer'],Part Time,4.39,TBD,https://www.onlinejobs.ph/jobseekers/job/Media-Buyer-1209624,109,"['Reporting', 'Google Sheet', 'spreadsheet']","['report', 'load']","['experience', 'entry']"
"Aug 27, 2025","['Real Estate', 'Data Analyst', 'Analyst', 'Real Estate']",Full Time,6.25,40,https://www.onlinejobs.ph/jobseekers/job/Real-Estate-Data-Analyst-1456437,110,"['Excel', 'Reporting', 'Dashboard', 'Google Sheet', 'Management', 'spreadsheet']","['report', 'dashboards', 'trends', 'insights', 'collaborate', 'organize', 'track', 'build', 'analysis', 'trends']","['engineering', 'economics', 'experience', 'entry', 'senior']"
"Aug 21, 2025",[],Full Time,10.5,TBD,https://www.onlinejobs.ph/jobseekers/job/Data-Analayst-1451100,111,"['Excel', ' BI', ' AI', 'KPI', 'Metrics', 'Strategy', 'spreadsheet']","['analyze', 'report', 'collaborate', 'organize', 'monitor', 'track', 'KPI', 'build', 'accuracy', 'analysis', 'metrics', 'document']","['experience', 'project']"
"Aug 20, 2025","['Data Analyst', 'Analyst']",Any,9.38,TBD,https://www.onlinejobs.ph/jobseekers/job/Data-Analyst-with-Database-Platform-Expertise-1449678,112,"['SQL', 'Excel', ' BI', 'Reporting', 'Google Sheet', 'Management']","['report', 'accuracy', 'datasets', 'analysis', 'validation', 'extract', 'query']","['experience', 'project']"
"Aug 12, 2025","['Google Tag Manager', 'Data Analyst', 'Senior', 'Analyst', 'Specialist', 'Manager']",Full Time,10.94,40,https://www.onlinejobs.ph/jobseekers/job/Senior-Google-Tag-Manager-Data-Analyst-Specialist-1320219,113,"['Excel', ' BI', 'Visual', ' AI', 'Reporting', 'Dashboard', 'Google Sheet', 'Google Analytics', 'Management', 'Git', 'Strategy']","['report', 'trends', 'insights', 'track', 'build', 'automate', 'accuracy', 'analysis', 'visual', 'solve', 'transform', 'trends']","['experience', 'mid', 'senior']"
"Jul 17, 2025","['GA4', 'Data Analyst', 'Analyst']",Full Time,6.25,TBD,https://www.onlinejobs.ph/jobseekers/job/Data-Analyst-GA4-Expert-1419431,114,"['SQL', 'Python', 'Excel', 'Tableau', 'Power BI', ' BI', 'Visual', 'Statistic', 'Machine Learning', 'ETL', 'Data Modeling', 'Intelligence', 'Reporting', 'Dashboard', 'A/B', 'Predictive', 'Google Analytics', 'Looker', 'Communication', 'Stakeholder', 'KPI', 'Metrics', 'Warehouse', 'Azure', 'AWS', 'Git', 'Strategy']","['analyze', 'report', 'dashboards', 'trends', 'insights', 'collaborate', 'present', 'findings', 'track', 'KPI', 'build', 'interpret', 'automate', 'accuracy', 'analysis', 'visual', 'metrics', 'stakeholders', 'extract', 'transform', 'query', 'forecast', 'trends']","['mathematics', 'computer science', 'data science', 'experience', 'excellent communication skills', 'portfolio', 'project', 'internet connection']"
"Jul 17, 2025","['Marketing', 'Data Analyst', 'Analyst', 'Market']",Full Time,21.93,40,https://www.onlinejobs.ph/jobseekers/job/Marketing-Data-Analyst-1424710,115,"['Excel', ' BI', 'Visual', 'Reporting', 'Google Sheet', 'Google Analytics', 'Looker', 'Communication', 'Metrics', 'Git', 'Strategy']","['analyze', 'report', 'trends', 'insights', 'clean', 'organize', 'visual', 'metrics', 'extract', 'trends']","['experience', 'internet connection']"
"Jul 14, 2025","['SEO', 'SEO']",Any,6.5,40,https://www.onlinejobs.ph/jobseekers/job/SEO-Webflow-Expert-1105824,116,['Critical Thinking'],['build'],['portfolio']
"Jul 14, 2025","['Dental', 'Analyst', 'Revenue']",Any,5.0,20,https://www.onlinejobs.ph/jobseekers/job/Dental-Data-Revenue-Analyst-1421904,117,"['Excel', 'Reporting', 'Dashboard', 'Google Sheet', 'Communication', 'Management']","['report', 'dashboards', 'trends', 'monitor', 'findings', 'track', 'accuracy', 'trends']","['experience', 'entry']"
"Jul 13, 2025","['Data Analyst', 'Analyst', 'Medical']",Any,6.09,20,https://www.onlinejobs.ph/jobseekers/job/Medical-Data-Analyst-1421374,118,"[' BI', 'Statistic', ' AI']","['report', 'interpret', 'accuracy', 'document']",['experience']
"Jul 3, 2025","['Finance', 'Data Analyst', 'Analyst', 'Operations', 'Operations']",Full Time,6.88,40,https://www.onlinejobs.ph/jobseekers/job/Data-Analyst-and-Personal-Assistant-to-Head-of-Finance-and-Operations-1393898,119,"['Excel', 'Reporting', 'Google Sheet', 'Communication', 'Management', 'Metrics', 'Strategy', 'spreadsheet']","['report', 'insights', 'present', 'track', 'interpret', 'accuracy', 'analysis', 'metrics', 'extract', 'document']","['experience', 'project', 'entry', 'internet connection']"
"Jul 3, 2025",['Fractional'],Part Time,,15,https://www.onlinejobs.ph/jobseekers/job/Fractional-Accountant-1413209,120,"[' BI', 'Dashboard', 'Google Sheet', 'Metrics', 'Git']","['analyze', 'report', 'clean', 'organize', 'track', 'build', 'interpret', 'communicate', 'metrics', 'extract']",['experience']
"Jul 2, 2025","['Analyst', 'Labeling ']",Full Time,,40,https://www.onlinejobs.ph/jobseekers/job/HIRING-Data-Labeling-Analyst-Remote-2040-hrsweek-Long-Term-Work-1411692,121,"['Excel', 'Machine Learning', ' AI', 'Google Sheet', 'Communication', 'spreadsheet']","['build', 'accuracy', 'datasets', 'communicate', 'document']","['engineering', 'experience']"
"Jul 1, 2025","['Analyst', 'Annotation']",Full Time,3.12,40,https://www.onlinejobs.ph/jobseekers/job/HIRING-Data-Annotation-Analyst-Remote-2040-hrsweek-Long-Term-Work-1411867,122,"['Excel', 'Machine Learning', ' AI', 'Google Sheet', 'Communication', 'spreadsheet']","['build', 'accuracy', 'datasets', 'communicate', 'document']","['engineering', 'experience']"
"Jun 18, 2025","['Marketing', 'Market']",Gig,11.24,10,https://www.onlinejobs.ph/jobseekers/job/Data-and-Marketing-analysis-1402796,123,"['Python', 'Excel', ' AI', 'Pandas']","['insights', 'clean', 'extract', 'transform', 'document']","['experience', 'project']"
"Jun 16, 2025","['User Acquisition', 'Data Analyst', 'Analyst']",Full Time,8.22,40,https://www.onlinejobs.ph/jobseekers/job/Data-Analyst-User-Acquisition-ASEAN-1400715,124,"['SQL', 'Excel', 'Tableau', 'Power BI', ' BI', 'Visual', 'Reporting', 'Dashboard', 'A/B', 'Google Sheet', 'Looker', 'Communication', 'Stakeholder', 'KPI', 'Metrics', 'Git', 'Strategy']","['analyze', 'report', 'dashboards', 'trends', 'insights', 'collaborate', 'monitor', 'present', 'findings', 'track', 'KPI', 'analysis', 'visual', 'metrics', 'stakeholders', 'document', 'trends']","['education', 'experience', 'internship', 'senior']"
"Jun 10, 2025","['Data Analyst', 'Analyst']",Full Time,8.22,40,https://www.onlinejobs.ph/jobseekers/job/Data-Analyst-1396678,125,"['Excel', 'Power BI', ' BI', 'Visual', 'Reporting', 'Dashboard', 'Communication', 'Metrics', 'Pipeline']","['analyze', 'report', 'dashboards', 'trends', 'insights', 'decision-making', 'collaborate', 'clean', 'organize', 'build', 'accuracy', 'datasets', 'analysis', 'visual', 'metrics', 'extract', 'transform', 'query', 'trends']","['experience', 'portfolio']"
"Jun 10, 2025","['Data Analyst', 'Analyst']",Full Time,5.0,40,https://www.onlinejobs.ph/jobseekers/job/Data-Analyst-1386428,126,"['Excel', 'Power BI', ' BI', 'Visual', 'Reporting', 'Dashboard', 'Communication', 'Metrics', 'Pipeline']","['analyze', 'report', 'dashboards', 'trends', 'insights', 'decision-making', 'collaborate', 'clean', 'organize', 'build', 'accuracy', 'datasets', 'analysis', 'visual', 'metrics', 'extract', 'transform', 'query', 'trends']","['experience', 'portfolio']"
"Jun 7, 2025","['Amazon', 'Amazon FBA', 'PPC', 'Analyst', 'PPC']",Part Time,4.69,10,https://www.onlinejobs.ph/jobseekers/job/Amazon-FBA-PPC-Analyst-5-Years-Experience-Required-Profit-PPC-Optimization-1394807,127,"['Excel', 'Reporting', 'Dashboard', 'Google Sheet', 'Communication']","['analyze', 'report', 'dashboards', 'trends', 'insights', 'decision-making', 'present', 'interpret', 'analysis', 'trends']","['experience', 'entry']"
"Jun 2, 2025","['PPC', 'Specialist', 'PPC']",Full Time,5.62,40,https://www.onlinejobs.ph/jobseekers/job/PPC-Specialist-1390310,128,"['Excel', 'Tableau', ' BI', 'Statistic', 'A/B', 'Google Analytics', 'Communication', 'Management']","['report', 'trends', 'insights', 'monitor', 'track', 'analysis', 'trends']","['experience', 'excellent communication skills', 'portfolio']"
"May 29, 2025","['E-commerce', 'Marketing', 'Data Analyst', 'Analyst', 'Market', 'Reporting', 'Specialist']",Part Time,,24,https://www.onlinejobs.ph/jobseekers/job/Part-Time-E-commerce-Data-Analyst-Marketing-Analytics-Reporting-Specialist-1387805,129,"['Visual', ' AI', 'Reporting', 'Google Sheet', 'Looker']","['report', 'analysis', 'visual', 'communicate']",['experience']
"May 27, 2025","['Data Analyst', 'Analyst', 'Research', 'Associate']",Any,7.68,TBD,https://www.onlinejobs.ph/jobseekers/job/DATA-ANALYSTRESEARCH-ASSOCIATE-1367287,130,"['Python', 'Excel', 'Tableau', 'Power BI', ' BI', 'Visual', ' AI', 'Reporting', 'Dashboard', 'Predictive', 'Looker', 'KPI']","['analyze', 'report', 'dashboards', 'insights', 'collaborate', 'clean', 'KPI', 'interpret', 'datasets', 'analysis', 'visual', 'transform', 'load', 'document']","[""master's degree"", 'data science', 'experience', 'portfolio', 'project', 'internet connection']"
"May 21, 2025","['Data Analyst', 'Senior', 'Analyst']",Any,7.5,40,https://www.onlinejobs.ph/jobseekers/job/Senior-Data-Analyst-1167812,131,"['SQL', 'Python', 'Excel', 'Tableau', 'Visual', 'Dashboard', 'Communication', 'Stakeholder', 'KPI', 'Git']","['report', 'dashboards', 'trends', 'insights', 'decision-making', 'collaborate', 'monitor', 'track', 'KPI', 'accuracy', 'analysis', 'visual', 'stakeholders', 'extract', 'trends']","['experience', 'excellent communication skills', 'project', 'senior']"
"May 19, 2025","['Google Ads', 'Data Analyst', 'Analyst']",Full Time,6.56,40,https://www.onlinejobs.ph/jobseekers/job/Google-Ads-Data-Analyst-1380019,132,"['Excel', 'Reporting', 'Dashboard', 'A/B', 'Google Analytics', 'Looker', 'Communication', 'KPI', 'Metrics', 'Git']","['analyze', 'report', 'dashboards', 'trends', 'insights', 'collaborate', 'monitor', 'track', 'KPI', 'interpret', 'analysis', 'metrics', 'trends']","['experience', 'excellent communication skills', 'certifications']"
"May 13, 2025","['Real Estate', 'Data Analyst', 'Analyst', 'Real Estate']",Full Time,5.0,40,https://www.onlinejobs.ph/jobseekers/job/Real-Estate-Data-Analyst-1375896,133,"['Excel', ' AI', 'Pipeline']",['clean'],"['experience', 'entry', 'internet connection']"
"May 12, 2025","['Skip Tracing', 'Analyst']",Any,10.0,5,https://www.onlinejobs.ph/jobseekers/job/Data-Organization-and-Skip-Tracing-Analyst-1375301,134,"['Google Sheet', 'spreadsheet']","['organize', 'accuracy', 'load']","['experience', 'entry']"
"May 6, 2025","['Data Analyst', 'Analyst']",Part Time,15.62,20,https://www.onlinejobs.ph/jobseekers/job/Data-Analyst-Lead-spend-conversion-tracker-1371157,135,"['ETL', 'Google Analytics']","['report', 'track']",['internet connection']
"May 6, 2025","['Data Analyst', 'Analyst']",Full Time,6.25,40,https://www.onlinejobs.ph/jobseekers/job/Data-Analyst-Remote-Philippines-Day-Shift-Flexible-1370561,136,"['SQL', 'Python', 'Excel', 'Tableau', 'Power BI', ' BI', 'Visual', 'Reporting', 'Dashboard', 'Communication', 'Stakeholder', 'Management', 'KPI', 'Pipeline', 'AWS', 'Pandas', 'NumPy']","['analyze', 'report', 'dashboards', 'insights', 'collaborate', 'clean', 'monitor', 'findings', 'track', 'KPI', 'automate', 'accuracy', 'datasets', 'analysis', 'visual', 'communicate', 'validation', 'stakeholders', 'extract', 'transform', 'load']","['experience', 'project']"
"May 5, 2025","['Data Analyst', 'Analyst']",Full Time,8.5,40,https://www.onlinejobs.ph/jobseekers/job/Developer-or-Data-Analyst-1276646,137,"['SQL', 'Python', 'Dashboard']",['analysis'],['experience']
"May 2, 2025","['STR', 'Social Media', 'Social Media']",Part Time,5.0,20,https://www.onlinejobs.ph/jobseekers/job/Content-Planner-Social-Media-Strategist-1368736,138,"['Excel', 'Communication', 'Management', 'Metrics', 'Storytelling', 'Strategy']","['report', 'trends', 'insights', 'collaborate', 'organize', 'interpret', 'metrics', 'trends']","['experience', 'project']"
"May 2, 2025","['Data Analyst', 'Analyst']",Full Time,,40,https://www.onlinejobs.ph/jobseekers/job/Data-Analyst-1368731,139,"['Excel', ' BI', 'Visual', 'Dashboard', 'Google Sheet', 'Communication', 'Stakeholder', 'Metrics', 'Strategy']","['analyze', 'report', 'dashboards', 'trends', 'insights', 'clean', 'present', 'track', 'interpret', 'accuracy', 'analysis', 'visual', 'metrics', 'stakeholders', 'trends']","['economics', 'experience']"
"Apr 30, 2025","['Data Analyst', 'Analyst']",Part Time,7.5,24,https://www.onlinejobs.ph/jobseekers/job/Football-Data-Analyst-1357572,140,"['Visual', 'Metrics']","['collaborate', 'interpret', 'analysis', 'visual', 'metrics', 'extract', 'transform']",[]
"Apr 25, 2025","['Analyst', 'Inventory']",Full Time,4.39,40,https://www.onlinejobs.ph/jobseekers/job/Data-and-Inventory-Management-Analyst-1363824,141,"['Excel', 'Power BI', ' BI', ' AI', 'Reporting', 'Dashboard', 'Google Sheet', 'Looker', 'Communication', 'Management', 'KPI', 'Metrics', 'Warehouse', 'spreadsheet']","['analyze', 'report', 'dashboards', 'insights', 'decision-making', 'collaborate', 'clean', 'present', 'findings', 'track', 'KPI', 'build', 'automate', 'accuracy', 'datasets', 'solve', 'metrics', 'forecast']","['experience', 'portfolio', 'project']"
"Apr 23, 2025","['Marketing', 'GA4', 'SEO', 'Digital Marketing', 'Analyst', 'Market', 'SEO']",Full Time,35.0,40,https://www.onlinejobs.ph/jobseekers/job/Digital-Marketing-Analyst-GA4-SEO-1189268,142,"['SQL', 'Excel', 'Tableau', 'Power BI', ' BI', 'Visual', 'Statistic', 'Reporting', 'Dashboard', 'A/B', 'Google Analytics', 'Critical Thinking', 'Communication', 'Stakeholder', 'Management', 'KPI', 'Metrics', 'Git', 'Strategy']","['analyze', 'report', 'dashboards', 'trends', 'insights', 'collaborate', 'monitor', 'present', 'findings', 'track', 'KPI', 'accuracy', 'analysis', 'visual', 'communicate', 'metrics', 'stakeholders', 'trends']","['education', 'experience']"
"Apr 22, 2025","['SaaS', 'E-commerce', 'Data Analyst', 'Analyst', 'Reporting', 'KPI']",Any,3.75,20,https://www.onlinejobs.ph/jobseekers/job/Data-Analyst-E-commerce-SaaS-KPI-Payment-Processing-Reporting-1361242,143,"['Excel', 'Dashboard', 'Google Sheet', 'KPI']","['analyze', 'report', 'dashboards', 'organize', 'track', 'KPI', 'build', 'analysis']","['experience', 'mid']"
"Apr 16, 2025","['Data Analyst', 'Analyst']",Full Time,3.12,30,https://www.onlinejobs.ph/jobseekers/job/Data-Analyst-1357309,144,"['Excel', 'Visual', 'Cleaning', 'Reporting', 'Google Sheet', 'Looker', 'Communication', 'spreadsheet']","['analyze', 'report', 'insights', 'clean', 'organize', 'present', 'track', 'build', 'analysis', 'visual', 'communicate']","['experience', 'project']"
"Apr 12, 2025","['Amazon', 'Amazon PPC', 'PPC', 'Data Analyst', 'Analyst', 'PPC']",Full Time,3.12,30,https://www.onlinejobs.ph/jobseekers/job/Amazon-PPC-Data-Analyst-1354936,145,"['Excel', 'Management', 'KPI']","['analyze', 'report', 'present', 'track', 'KPI']",[]
"Apr 9, 2025","['Data Analyst', 'Analyst']",Part Time,,20,https://www.onlinejobs.ph/jobseekers/job/Data-analysts-1353140,146,"['SQL', 'Python', 'Excel', 'Tableau', 'Power BI', ' BI', 'Visual', 'Statistic', 'Reporting', 'Dashboard', 'Communication', 'Stakeholder', 'Management', 'Metrics']","['analyze', 'report', 'dashboards', 'trends', 'insights', 'collaborate', 'present', 'findings', 'interpret', 'automate', 'accuracy', 'datasets', 'analysis', 'visual', 'solve', 'communicate', 'metrics', 'stakeholders', 'trends']","['economics', 'information technology', 'data science', 'experience', 'project', 'entry']"
"Apr 5, 2025",[],Full Time,6.25,40,https://www.onlinejobs.ph/jobseekers/job/Commissions-Data-Analysis-1311763,147,"['Excel', ' BI', 'spreadsheet']","['report', 'track', 'analysis', 'communicate']",[]
"Apr 1, 2025","['Analyst', 'Pricing', 'Revenue', 'Manager']",Full Time,10.41,40,https://www.onlinejobs.ph/jobseekers/job/Data-Pricing-Analyst-Revenue-Manager-1347258,148,['Excel'],[],['experience']
"Mar 26, 2025","['Marketing', 'Data Analyst', 'Analyst', 'Market']",Full Time,,40,https://www.onlinejobs.ph/jobseekers/job/Data-Analyst-Marketing-1343263,149,"['SQL', 'Excel', 'Tableau', 'Visual', 'Reporting', 'Dashboard', 'Google Sheet', 'Snowflake', 'Communication', 'Management']","['analyze', 'report', 'dashboards', 'insights', 'decision-making', 'collaborate', 'monitor', 'track', 'analysis', 'visual', 'solve', 'communicate', 'validation', 'query']","['experience', 'project']"
"Mar 21, 2025","['Data Analyst', 'Analyst']",Any,10.41,TBD,https://www.onlinejobs.ph/jobseekers/job/Data-Analyst-1339527,150,"['Visual', 'Stakeholder', 'Metrics']","['analyze', 'report', 'trends', 'insights', 'collaborate', 'findings', 'interpret', 'visual', 'communicate', 'metrics', 'stakeholders', 'trends']",[]
"Mar 14, 2025","['Marketing', 'Data Analyst', 'Analyst', 'Market']",Full Time,1.88,40,https://www.onlinejobs.ph/jobseekers/job/Marketing-Data-Analyst-1335169,151,"['SQL', 'Excel', 'Tableau', 'Visual', 'Reporting', 'Dashboard', 'Google Sheet', 'Snowflake', 'Communication', 'Management']","['analyze', 'report', 'dashboards', 'insights', 'decision-making', 'collaborate', 'monitor', 'track', 'analysis', 'visual', 'solve', 'communicate', 'validation', 'query']","['experience', 'project']"
"Mar 10, 2025","['Data Analyst', 'Analyst']",Full Time,14.0,40,https://www.onlinejobs.ph/jobseekers/job/Data-analyst-1324268,152,"['Excel', 'Dashboard', 'Google Sheet', 'Communication']","['analyze', 'report', 'dashboards', 'trends', 'insights', 'collaborate', 'track', 'build', 'document', 'trends']","['experience', 'project']"
"Feb 28, 2025","['Marketing', 'Market', 'Coordinator']",Full Time,4.0,TBD,https://www.onlinejobs.ph/jobseekers/job/Remote-Sales-Marketing-Data-Coordinator-1325399,153,"['Excel', 'Reporting', 'Google Sheet', 'Communication', 'KPI', 'Metrics', 'Git']","['analyze', 'report', 'trends', 'insights', 'decision-making', 'organize', 'monitor', 'track', 'KPI', 'accuracy', 'analysis', 'metrics', 'document', 'trends']",['experience']
"Feb 28, 2025","['Data Analyst', 'Analyst', 'BI']",Full Time,10.0,40,https://www.onlinejobs.ph/jobseekers/job/Data-Analyst-PowerBi-SQL-1325303,154,"['SQL', 'Visual', 'Snowflake']",['visual'],['experience']
"Feb 27, 2025","['Short-Term Rental', 'STR', 'Pricing', 'Revenue', 'Manager']",Part Time,,TBD,https://www.onlinejobs.ph/jobseekers/job/Revenue-Pricing-Manager-STR-short-term-rental-964213,155,"['Excel', ' AI', 'Communication', 'Management', 'Strategy', 'spreadsheet']","['analyze', 'trends', 'collaborate', 'track', 'analysis', 'trends']","['experience', 'excellent communication skills', 'project', 'entry']"
"Feb 21, 2025","['Data Analyst', 'Senior', 'Analyst']",Any,125.0,TBD,https://www.onlinejobs.ph/jobseekers/job/Senior-Digital-Data-Analyst-1320360,156,"['Excel', 'Visual', 'Dashboard', 'Google Analytics', 'Looker', 'Stakeholder', 'Metrics', 'Git', 'Strategy']","['report', 'dashboards', 'trends', 'insights', 'collaborate', 'monitor', 'track', 'interpret', 'analysis', 'visual', 'communicate', 'metrics', 'stakeholders', 'trends']","['experience', 'project', 'senior']"
"Feb 7, 2025","['Data Analyst', 'Analyst']",Any,5.0,15,https://www.onlinejobs.ph/jobseekers/job/Data-Analyst-1311516,157,"['SQL', 'Visual', 'Reporting', 'Dashboard', 'Google Analytics', 'Looker', 'Metrics', 'Pipeline', 'spreadsheet']","['analyze', 'report', 'dashboards', 'trends', 'insights', 'decision-making', 'build', 'accuracy', 'visual', 'communicate', 'metrics', 'transform', 'trends']",['experience']
"Feb 6, 2025","['Data Analyst', 'Junior', 'Analyst']",Any,9.0,TBD,https://www.onlinejobs.ph/jobseekers/job/Junior-Data-Analyst-Remote-Flexible-Time-10-needed-1310283,158,"['SQL', 'Python', 'Excel', 'Tableau', 'Power BI', ' BI', 'Visual']","['insights', 'monitor', 'analysis', 'visual', 'transform']","['graduate', 'experience']"
"Feb 6, 2025","['Data Analyst', 'Analyst', 'Specialist', 'Visual']",Any,7.0,TBD,https://www.onlinejobs.ph/jobseekers/job/Data-AnalystVisualization-Specialist-Remote-Flexible-Time-1310176,159,"['Python', 'Excel', 'Tableau', 'Power BI', ' BI', 'Visual']","['insights', 'monitor', 'datasets', 'visual', 'transform']","['experience', 'portfolio']"
"Feb 4, 2025","['Data Analyst', 'Analyst', 'Specialist', 'Automation']",Part Time,,10,https://www.onlinejobs.ph/jobseekers/job/Data-Analyst-Automation-Specialist-1308969,160,"['Excel', 'Tableau', ' BI', 'Visual', ' AI', 'Reporting', 'Google Sheet', 'Google Analytics', 'Communication', 'Stakeholder', 'Management', 'Metrics', 'Pipeline', 'spreadsheet']","['analyze', 'report', 'trends', 'track', 'build', 'visual', 'communicate', 'metrics', 'stakeholders', 'trends']","['experience', 'project', 'senior']"
"Jan 29, 2025","['Data Analyst', 'Analyst', 'Specialist']",Any,10.0,TBD,https://www.onlinejobs.ph/jobseekers/job/Data-AnalystSpecialist-VA-for-general-needs-1247942,161,"['Communication', 'spreadsheet']","['monitor', 'track', 'interpret', 'communicate', 'load', 'document']",[]
"Jan 25, 2025","['Social Media', 'Social Media']",Part Time,,20,https://www.onlinejobs.ph/jobseekers/job/Social-Media-Management-1302381,162,"['Visual', 'Metrics', 'Strategy']","['analyze', 'insights', 'build', 'visual', 'metrics', 'extract']",[]
"Jan 21, 2025",['Design'],Any,4.11,40,https://www.onlinejobs.ph/jobseekers/job/Product-Designer-Candidate-Pooling-for-Future-Openings-1254071,163,"['Excel', 'Visual', 'Communication', 'Management']","['analysis', 'visual', 'solve']","['experience', 'portfolio', 'project']"
"Jan 16, 2025","['Data Analyst', 'Analyst', 'Reporting']",Gig,3.75,TBD,https://www.onlinejobs.ph/jobseekers/job/Data-Analyst-for-Product-Usage-Reporting-1297125,164,"['Excel', 'Tableau', 'Power BI', ' BI', 'Visual', ' AI', 'Reporting', 'Dashboard', 'Communication', 'Management', 'Git']","['analyze', 'report', 'dashboards', 'trends', 'insights', 'collaborate', 'present', 'track', 'build', 'interpret', 'automate', 'analysis', 'visual', 'document', 'trends']","['experience', 'project']"
"Jan 15, 2025","['SEO', 'Research', 'SEO']",Full Time,6.88,40,https://www.onlinejobs.ph/jobseekers/job/VA-for-SEO-keyword-data-research-competition-research-content-research-and-ecom-support-1208704,165,"['Excel', 'Google Analytics', 'Communication', 'KPI', 'Metrics', 'Git', 'Strategy']","['analyze', 'report', 'trends', 'insights', 'collaborate', 'track', 'KPI', 'interpret', 'automate', 'analysis', 'metrics', 'trends']","['education', 'data science', 'experience', 'excellent communication skills', 'project']"
"Jan 14, 2025",[],Full Time,4.38,40,https://www.onlinejobs.ph/jobseekers/job/Data-Anaylst-who-loves-to-talk-about-Data-and-Numbers-and-an-EYE-for-DETAILS-1295899,166,"['SQL', 'Python', 'Excel', 'Tableau', 'Power BI', ' BI', 'Visual', 'Statistic', 'Cleaning', 'Management', 'Metrics', 'Git']","['report', 'trends', 'insights', 'decision-making', 'clean', 'findings', 'build', 'interpret', 'accuracy', 'analysis', 'visual', 'metrics', 'transform', 'query', 'trends']","['education', 'engineering', 'data science', 'experience', 'senior']"
"Jan 14, 2025","['Data Analyst', 'Analyst']",Full Time,3.12,40,https://www.onlinejobs.ph/jobseekers/job/Data-Analyst-1295302,167,"['Excel', 'Visual', 'Dashboard', 'KPI']","['analyze', 'report', 'dashboards', 'trends', 'insights', 'collaborate', 'clean', 'organize', 'monitor', 'KPI', 'interpret', 'accuracy', 'analysis', 'visual', 'trends']",[]
"Dec 17, 2024","['Stock', 'Data Analyst', 'Analyst', 'Research']",Part Time,18.75,20,https://www.onlinejobs.ph/jobseekers/job/Data-Analyst-for-Intraday-Equity-Stock-Research-1281762,168,"['SQL', 'Excel', 'Data Modeling', 'Google Sheet', 'Warehouse', 'Strategy', 'spreadsheet']","['analyze', 'report', 'insights', 'collaborate', 'build', 'interpret', 'datasets', 'analysis', 'document']","['mathematics', 'economics', 'experience']"
"Dec 12, 2024","['Data Analyst', 'Analyst']",Full Time,10.0,50,https://www.onlinejobs.ph/jobseekers/job/IT-DATA-ANALYST-1279352,169,"['SQL', 'Python', 'Excel', 'Visual', 'Statistic', 'Intelligence', 'Reporting', 'Communication']","['analyze', 'report', 'trends', 'present', 'build', 'interpret', 'analysis', 'visual', 'extract', 'load', 'trends']","['education', 'computer science', 'information technology', 'experience', 'project']"
"Dec 12, 2024","['Data Analyst', 'Analyst', 'Inventory']",Part Time,6.25,15,https://www.onlinejobs.ph/jobseekers/job/Data-Analyst-Inventory-Management-1278900,170,"['SQL', 'Excel', 'Power BI', ' BI', 'Visual', 'ETL', 'Reporting', 'Dashboard', 'Communication', 'Management']","['analyze', 'report', 'dashboards', 'trends', 'insights', 'clean', 'findings', 'accuracy', 'analysis', 'visual', 'extract', 'transform', 'load', 'forecast', 'trends']","['experience', 'portfolio', 'project']"
"Nov 15, 2024","['Analyst', 'Data Engineer']",Gig,6.25,40,https://www.onlinejobs.ph/jobseekers/job/Project-based-Data-Engineer-Analyst-1264454,171,[],"['analyze', 'build', 'datasets', 'analysis', 'document']","['experience', 'project']"
"Nov 15, 2024","['ERD', 'Analyst', 'Data Engineer']",Gig,8.38,40,https://www.onlinejobs.ph/jobseekers/job/Data-EngineerAnalyst-ERD-Project-1264453,172,[],"['analyze', 'build', 'datasets', 'analysis', 'document']","['experience', 'project']"
"Oct 23, 2024","['Data Analyst', 'Analyst']",Part Time,6.25,20,https://www.onlinejobs.ph/jobseekers/job/Data-Analyst-1027928,173,"['Excel', 'Git']",[],['experience']
"Oct 17, 2024","['Data Analyst', 'Analyst']",Any,5.0,10,https://www.onlinejobs.ph/jobseekers/job/Data-Analyst-mfd-1247575,174,"['SQL', 'Excel', 'Google Analytics', 'Metrics']","['analyze', 'report', 'insights', 'track', 'analysis', 'communicate', 'metrics']",['experience']
"Oct 16, 2024","['Data Analyst', 'Analyst']",Full Time,,40,https://www.onlinejobs.ph/jobseekers/job/Data-Analyst-1237062,175,"['SQL', 'Python', 'Visual', 'Dashboard', 'Stakeholder', 'Metrics']","['analyze', 'report', 'dashboards', 'trends', 'insights', 'decision-making', 'present', 'interpret', 'datasets', 'analysis', 'visual', 'communicate', 'metrics', 'stakeholders', 'trends']","['experience', 'project', 'internet connection']"
"Oct 2, 2024","['Marketing', 'Lead Gen', 'Senior', 'Market', 'Ecommerce']",Any,6.25,TBD,https://www.onlinejobs.ph/jobseekers/job/Senior-EcommerceLead-Gen-Marketing-Data-Analytics-Expert-424361,176,"['Excel', 'Tableau', ' BI', 'Reporting', 'Google Analytics', 'Communication', 'Stakeholder', 'Management', 'KPI', 'Git']","['analyze', 'report', 'trends', 'insights', 'decision-making', 'collaborate', 'monitor', 'present', 'KPI', 'interpret', 'analysis', 'stakeholders', 'trends']",['experience']
"Sep 30, 2024","['E-commerce', 'Google Sheets', 'Data Analyst', 'Analyst']",Full Time,6.25,40,https://www.onlinejobs.ph/jobseekers/job/Data-Analyst-Google-Sheets-Expert-for-E-commerce-FULL-TIME-HIGH-SALARY-1236450,177,"['Excel', 'Visual', 'Dashboard', 'A/B', 'Google Sheet', 'Looker', 'Communication', 'Metrics', 'Git']","['report', 'dashboards', 'insights', 'decision-making', 'collaborate', 'monitor', 'automate', 'analysis', 'visual', 'metrics', 'extract']","['experience', 'project']"
"Sep 26, 2024",['Google Sheets'],Full Time,6.25,40,https://www.onlinejobs.ph/jobseekers/job/Google-Sheets-Expert-Dashboards-Data-Analysis-FULL-TIME-HIGH-SALARY-1234449,178,"['Excel', 'Visual', 'Dashboard', 'A/B', 'Google Sheet', 'Looker', 'Communication', 'Metrics', 'Git']","['report', 'dashboards', 'insights', 'decision-making', 'collaborate', 'monitor', 'automate', 'analysis', 'visual', 'metrics', 'extract']","['experience', 'project']"
"Sep 26, 2024","['E-commerce', 'Google Sheets', 'Data Analyst', 'Analyst']",Full Time,,40,https://www.onlinejobs.ph/jobseekers/job/Data-Analyst-Google-Sheets-Expert-for-E-commerce-FULL-TIME-HIGH-SALARY-1234442,179,"['Excel', 'Visual', 'Dashboard', 'A/B', 'Google Sheet', 'Looker', 'Communication', 'Metrics', 'Git']","['report', 'dashboards', 'insights', 'decision-making', 'collaborate', 'monitor', 'automate', 'analysis', 'visual', 'metrics', 'extract']","['experience', 'project']"
"Aug 13, 2024",['Data Engineer'],Full Time,6.25,40,https://www.onlinejobs.ph/jobseekers/job/Data-Engineer-1208845,180,"['SQL', 'Python', 'Excel', 'Tableau', 'Visual', 'Reporting', 'Dashboard', 'Google Sheet', 'Stakeholder', 'Metrics']","['report', 'dashboards', 'insights', 'present', 'track', 'datasets', 'analysis', 'visual', 'metrics', 'stakeholders', 'extract']","['engineering', 'experience']"
"Aug 5, 2024","['Real Estate', 'Real Estate', 'Data Specialist', 'Specialist']",Full Time,6.25,40,https://www.onlinejobs.ph/jobseekers/job/Real-Estate-Data-Specialist-1203948,181,['Metrics'],"['automate', 'metrics', 'load']","['education', 'experience', 'project']"
"Aug 2, 2024","['Data Analyst', 'Analyst']",Full Time,,40,https://www.onlinejobs.ph/jobseekers/job/Data-Analyst-1203119,182,['Metrics'],"['automate', 'metrics', 'load']","['education', 'experience', 'project']"
"Jul 15, 2024","['Data Analyst', 'Analyst']",Full Time,6.56,40,https://www.onlinejobs.ph/jobseekers/job/Data-Analyst-1192874,183,"['SQL', 'Python', 'Excel', 'Tableau', 'Power BI', ' BI', 'Visual', 'Statistic', ' AI', 'Big Data', 'Reporting', 'Dashboard', 'Predictive', 'Google Sheet', 'Communication', 'Stakeholder']","['analyze', 'report', 'dashboards', 'trends', 'insights', 'collaborate', 'clean', 'monitor', 'present', 'findings', 'track', 'interpret', 'accuracy', 'datasets', 'analysis', 'visual', 'solve', 'stakeholders', 'extract', 'query', 'forecast', 'trends']","['computer science', 'data science', 'experience', 'excellent communication skills']"
"Jul 1, 2024","['Amazon', 'Amazon PPC', 'PPC', 'PPC']",Full Time,7.12,40,https://www.onlinejobs.ph/jobseekers/job/Amazing-Career-Opportunity-for-Amazon-PPC-Expert-1185728,184,"['Excel', ' BI', 'Reporting', 'Communication', 'Management']","['report', 'organize', 'monitor', 'analysis']",['experience']
"Jun 19, 2024",['Market'],Any,6.0,8,https://www.onlinejobs.ph/jobseekers/job/Market-Reseacher-1180133,185,[],"['build', 'accuracy', 'communicate']",[]
"May 7, 2024","['Sports Betting', 'Analyst', 'Sports']",Part Time,6.58,10,https://www.onlinejobs.ph/jobseekers/job/Sports-Betting-Analyst-1155446,186,"['SQL', 'Excel', 'Tableau', 'Power BI', ' BI', 'Visual', 'Statistic', 'Dashboard', 'Predictive', 'Critical Thinking', 'Communication', 'Management', 'Metrics']","['analyze', 'report', 'dashboards', 'trends', 'insights', 'collaborate', 'organize', 'present', 'track', 'build', 'datasets', 'analysis', 'visual', 'metrics', 'forecast', 'trends']","['data science', 'experience']"
"Apr 24, 2024","['SAP', 'Data Analyst', 'Analyst']",Full Time,4.78,40,https://www.onlinejobs.ph/jobseekers/job/Data-Analyst-SAP-Crystal-Reports-Expert-1148707,187,"['SQL', 'Excel', 'Visual', 'Data Modeling', 'Reporting', 'Dashboard', 'Communication', 'Stakeholder']","['analyze', 'report', 'dashboards', 'collaborate', 'monitor', 'present', 'interpret', 'visual', 'stakeholders', 'extract', 'transform', 'query', 'document']","['experience', 'entry', 'internet connection']"
"Apr 16, 2024","['Social Media', 'Data Analyst', 'Analyst', 'Market', 'Social Media']",Any,5.0,25,https://www.onlinejobs.ph/jobseekers/job/Ad-Expert-social-media-marketer-data-analyst-1144548,188,[],[],[]
"Apr 8, 2024","['Real Estate', 'Skip Tracing', 'Data Analyst', 'Analyst', 'Real Estate']",Full Time,5.0,40,https://www.onlinejobs.ph/jobseekers/job/Real-Estate-Data-Analyst-ARV-COMPS-Skip-Tracing-1139869,189,"['Excel', ' AI', 'Communication']","['analyze', 'report', 'insights', 'collaborate', 'clean', 'organize', 'present', 'findings', 'automate', 'analysis', 'document']","['education', 'experience']"
"Feb 15, 2024","['Data Analyst', 'Analyst', 'Creative']",Full Time,5.0,40,https://www.onlinejobs.ph/jobseekers/job/Creative-Data-Analyst-1110616,190,"['Excel', ' BI', 'Visual', 'Statistic', 'Big Data', 'Data Mining', 'Spark', 'Communication', 'Git', 'Storytelling']","['trends', 'insights', 'collaborate', 'present', 'track', 'interpret', 'datasets', 'analysis', 'visual', 'extract', 'transform', 'trends']","['experience', 'excellent communication skills', 'project']"
"Jan 23, 2024","['Data Analyst', 'Analyst', 'Manager']",Full Time,4.38,40,https://www.onlinejobs.ph/jobseekers/job/MANAGER-DATA-ANALYST-800-USD-MONTH-1097510,191,"['Visual', 'Statistic', 'Management']","['analyze', 'insights', 'decision-making', 'collaborate', 'interpret', 'analysis', 'visual']","['education', 'mathematics', 'engineering', 'experience', 'portfolio', 'project']"
"Jan 23, 2024","['Data Analyst', 'Analyst']",Full Time,3.12,38,https://www.onlinejobs.ph/jobseekers/job/FULL-TIME-DATA-ANALYST-700USD-MONTH-1097508,192,"['Visual', 'Statistic', 'Management']","['analyze', 'insights', 'decision-making', 'collaborate', 'interpret', 'analysis', 'visual']","['education', 'mathematics', 'engineering', 'experience', 'portfolio', 'project']"
"Jan 23, 2024","['Data Analyst', 'Analyst']",Full Time,187.5,42,https://www.onlinejobs.ph/jobseekers/job/DATA-ANALYST-500USD-MONTH-1097507,193,"['Visual', 'Statistic', 'Management']","['analyze', 'insights', 'decision-making', 'collaborate', 'interpret', 'analysis', 'visual']","['education', 'mathematics', 'engineering', 'experience', 'portfolio', 'project']"
"Nov 8, 2023","['SEO', 'Data Analyst', 'Analyst', 'Specialist', 'SEO']",Part Time,3.12,20,https://www.onlinejobs.ph/jobseekers/job/SEO-SpecialistData-Analyst-1057151,194,"['Excel', ' BI', 'Intelligence', 'Google Sheet', 'Management', 'Git', 'Strategy']","['report', 'trends', 'build', 'interpret', 'analysis', 'solve', 'load', 'trends']","['experience', 'project']"
"Nov 3, 2023","['Real Estate', 'Data Analyst', 'Analyst', 'Real Estate']",Part Time,,20,https://www.onlinejobs.ph/jobseekers/job/Experienced-Data-Analyst-for-Real-Estate-Commercial-Real-Estate-1060062,195,"['Python', 'Excel', 'Statistic', 'Cleaning', 'Communication', 'Management']","['analyze', 'trends', 'insights', 'decision-making', 'clean', 'organize', 'interpret', 'accuracy', 'analysis', 'trends']","['experience', 'mid']"
"Sep 29, 2023","['Field Service', 'Data Analyst', 'Analyst']",Full Time,7.81,40,https://www.onlinejobs.ph/jobseekers/job/Exciting-Data-Analyst-Opportunity-at-a-Stealth-Mode-Field-Service-Management-Platform-1042290,196,"['Excel', 'Cleaning', 'Communication', 'Management', 'KPI']","['analyze', 'report', 'trends', 'insights', 'decision-making', 'clean', 'findings', 'track', 'KPI', 'analysis', 'solve', 'transform', 'trends']","['experience', 'project']"
"Sep 14, 2023","['Data Analyst', 'Analyst']",Full Time,,40,https://www.onlinejobs.ph/jobseekers/job/Data-Analyst-1010160,197,"['SQL', 'Python', 'Excel', 'Tableau', 'Power BI', ' BI', 'Visual', 'Statistic', 'Reporting', 'Dashboard', 'Communication', 'KPI', 'Pandas']","['report', 'dashboards', 'KPI', 'analysis', 'visual', 'query', 'document']","['mathematics', 'computer science', 'data science', 'experience', 'certifications', 'project']"
"Sep 9, 2023","['STR', 'Data Analyst', 'Analyst', 'Specialist', 'Strategy']",Any,6.25,TBD,https://www.onlinejobs.ph/jobseekers/job/Data-Analyst-Strategy-Specialist-1032158,198,"[' BI', 'Statistic', 'Reporting', 'Google Analytics', 'Communication', 'Management', 'Metrics', 'Strategy']","['analyze', 'report', 'trends', 'insights', 'collaborate', 'track', 'analysis', 'metrics', 'forecast', 'trends']","['experience', 'portfolio']"
"Aug 22, 2023","['Data Analyst', 'Analyst', 'Financial']",Full Time,6.25,40,https://www.onlinejobs.ph/jobseekers/job/Financial-Data-Analyst-1023575,199,"['Excel', ' BI', 'Git', 'spreadsheet']","['report', 'build', 'accuracy', 'communicate', 'load']",['experience']
"Jul 24, 2023","['Data Analyst', 'Analyst']",Full Time,10.96,TBD,https://www.onlinejobs.ph/jobseekers/job/Calltools-Data-Analyst-998949,200,"['Management', 'Strategy']","['analyze', 'report', 'interpret', 'analysis', 'load']",['experience']
